ALA,N,DON
ALA,CA
ALA,C
ALA,O,ACP
ALA,CB,HPB
ARG,N,DON
ARG,CA
ARG,C
ARG,O,ACP
ARG,CB,HPB
ARG,CG,HPB
ARG,CD
ARG,NE,POS,DON
ARG,CZ,POS
ARG,NH1,POS,DON
ARG,NH2,POS,DON
ASN,N,DON
ASN,CA
ASN,C
ASN,O,ACP
ASN,CB,HPB
ASN,CG
ASN,OD1,ACP
ASN,ND2,DON
ASP,N,DON
ASP,CA
ASP,C
ASP,O,ACP
ASP,CB,HPB
ASP,CG
ASP,OD1,NEG,ACP
ASP,OD2,NEG,ACP
CYS,N,DON
CYS,CA
CYS,C
CYS,O,ACP
CYS,CB,HPB
CYS,SG,DON,ACP,SSB
GLN,N,DON
GLN,CA
GLN,C
GLN,O,ACP
GLN,CB,HPB
GLN,CG,HPB
GLN,CD
GLN,OE1,ACP
GLN,NE2,DON
GLU,N,DON
GLU,CA
GLU,C
GLU,O,ACP
GLU,CB,HPB
GLU,CG,HPB
GLU,CD
GLU,OE1,NEG,ACP
GLU,OE2,NEG,ACP
GLY,N,DON
GLY,CA
GLY,C
GLY,O,ACP
HIS,N,DON
HIS,CA
HIS,C
HIS,O,ACP
HIS,CB,HPB
HIS,CG,ARM
HIS,ND1,ARM,POS,DON,ACP
HIS,CD2,ARM
HIS,CE1,ARM
HIS,NE2,ARM,POS,DON,ACP
ILE,N,DON
ILE,CA
ILE,C
ILE,O,ACP
ILE,CB,HPB
ILE,CG1,HPB
ILE,CG2,HPB
ILE,CD1,HPB
LEU,N,DON
LEU,CA
LEU,C
LEU,O,ACP
LEU,CB,HPB
LEU,CG,HPB
LEU,CD1,HPB
LEU,CD2,HPB
LYS,N,DON
LYS,CA
LYS,C
LYS,O,ACP
LYS,CB,HPB
LYS,CG,HPB
LYS,CD,HPB
LYS,CE
LYS,NZ,POS,DON
MET,N,DON
MET,CA
MET,C
MET,O,ACP
MET,CB,HPB
MET,CG,HPB
MET,SD,ACP
MET,CE,HPB
PHE,N,DON
PHE,CA
PHE,C
PHE,O,ACP
PHE,CB,HPB
PHE,CG,HPB,ARM
PHE,CD1,HPB,ARM
PHE,CD2,HPB,ARM
PHE,CE1,HPB,ARM
PHE,CE2,HPB,ARM
PHE,CZ,HPB,ARM
PRO,N
PRO,CA
PRO,C
PRO,O,ACP
PRO,CB,HPB
PRO,CG,HPB
PRO,CD
SER,N,DON
SER,CA
SER,C
SER,O,ACP
SER,CB
SER,OG,DON,ACP
THR,N,DON
THR,CA
THR,C
THR,O,ACP
THR,CB
THR,OG1,DON,ACP
THR,CG2,HPB
TRP,N,DON
TRP,CA
TRP,C
TRP,O,ACP
TRP,CB,HPB
TRP,CG,HPB,ARM
TRP,CD1,ARM
TRP,CD2,HPB,ARM
TRP,NE1,ARM,DON
TRP,CE2,ARM
TRP,CE3,HPB,ARM
TRP,CZ2,HPB,ARM
TRP,CZ3,HPB,ARM
TRP,CH2,HPB,ARM
TYR,N,DON
TYR,CA
TYR,C
TYR,O,ACP
TYR,CB,HPB
TYR,CG,HPB,ARM
TYR,CD1,HPB,ARM
TYR,CD2,HPB,ARM
TYR,CE1,HPB,ARM
TYR,CE2,HPB,ARM
TYR,CZ,ARM
TYR,OH,DON,ACP
VAL,N,DON
VAL,CA
VAL,C
VAL,O,ACP
VAL,CB,HPB
VAL,CG1,HPB
VAL,CG2,HPB